{
	"status": "success",
	"title": "Booking & exploring app",
	"link": "https://weabers.com/projects/Hall's-magazine-cover.html",
	"content": "This travellers platform available on android, ios and web. Integrated with Online Reservation system for local business and popular service providers. TravelingBD is also a Travelers story/notes sharing platform for getting local guide taste and suggestions on popular things to do. The interfacing and system was architect to provide the travellers online assistant with the power of data collected from local guides. ",
	"date": "<span class=\"atail-project-date\"><span class=\"atail-proj-date-text\">Finished </span><span class=\"atail-proj-date-value\">- 02 Jul 2016</span></span>",
	"slides": null,
	"positions": null,
	"token": "865fc8f5ec",
	"participants": "<span class=\"post-content-footer-title\">Participants</span>"
}