{
	"status": "success",
	"title": "Online payment integration in online store",
	"link": "https://weabers.com/projects/Bard-bags-collection.html",
	"content": "User friendly e-commerce website named Dhaka Wardrobe for a distributor Including payment processing, database designing and API for mobile feeds has been successfully developed byweabers dev team. After launching their site total sell increased by monthly 35% for proper user focused landing page design and easy navigations.\r\n",
	"date": "<span class=\"atail-project-date\"><span class=\"atail-proj-date-text\">Finished </span><span class=\"atail-proj-date-value\">- 22 Jun 2016</span></span>",
	"slides": null,
	"positions": null,
	"token": "865fc8f5ec",
	"participants": "<span class=\"post-content-footer-title\">Participants</span>"
}