{
	"status": "success",
	"title": "Story sharing platform",
	"link": "https://weabers.com/projects/Male-jeans-photoset.html",
	"content": "Extensive research needed for the audience interest and finding their painpoints and make it reliable to the users for sharing their voices. This research and creating viable product for a non-profit organization named Blank-Voices took their journey one step ahead to interact with the users more quickly and easily. Weabers also developed the analytical dashboard to track their users behavious on different post and live heatmap on the platform. \r\n",
	"date": "<span class=\"atail-project-date\"><span class=\"atail-proj-date-text\">Finished </span><span class=\"atail-proj-date-value\">- 22 Jun 2016</span></span>",
	"slides": null,
	"positions": null,
	"token": "865fc8f5ec",
	"participants": "<span class=\"post-content-footer-title\">Participants</span>"
}